{"cameraMode":{"drawMode":0,"name":"Shaded","section":"Shading Mode"},"sceneLighting":true,"audioPlay":false,"sceneViewState":{"showFog":true,"showMaterialUpdate":true,"showSkybox":true,"showFlares":true,"showImageEffects":true,"showParticleSystems":true},"in2DMode":false,"pivot":{"x":-0.7618365287780762,"y":-5.752973556518555,"z":7.628300666809082},"rotation":{"x":0.23574548959732057,"y":-0.06321483105421066,"z":0.015372265130281449,"w":0.9696428179740906},"size":12.516912460327149,"orthographic":false}