{"cameraMode":{"drawMode":0,"name":"Shaded","section":"Shading Mode"},"sceneLighting":true,"audioPlay":false,"sceneViewState":{"showFog":true,"showMaterialUpdate":false,"showSkybox":true,"showFlares":true,"showImageEffects":true,"showParticleSystems":true},"in2DMode":false,"pivot":{"x":0.6440128087997437,"y":0.5842167139053345,"z":-0.49298179149627688},"rotation":{"x":-0.1110730990767479,"y":0.01102769747376442,"z":-0.0012331970501691104,"w":-0.9937529563903809},"size":5.590900897979736,"orthographic":false}