{"cameraMode":{"drawMode":0,"name":"Shaded","section":"Shading Mode"},"sceneLighting":true,"audioPlay":false,"sceneViewState":{"showFog":true,"showMaterialUpdate":false,"showSkybox":true,"showFlares":true,"showImageEffects":true,"showParticleSystems":true},"in2DMode":false,"pivot":{"x":0.18769794702529908,"y":1.4822323322296143,"z":-1.055861473083496},"rotation":{"x":-0.22036994993686677,"y":0.03130105882883072,"z":-0.007077159360051155,"w":-0.9748924970626831},"size":4.021556854248047,"orthographic":false}